[
  {
    "_id": "A101",
    "title": "Propulsion Assignment",
    "course": "RS101",
    "description": "To be added later",
    "available": "May 1 at 12:00am",
    "due": "May 7 at 11:59pm",
    "avail_from_num": "2026-05-01",
    "due_num": "2026-05-07",
    "avail_to_num": "2026-05-14",
    "points": "100"
  },
  {
    "_id": "A102",
    "title": "Combustion Analysis",
    "course": "RS101",
    "description": "To be added later",
    "available": "May 7 at 12:00am",
    "due": "May 14 at 11:59pm",
    "avail_from_num": "2026-05-07",
    "due_num": "2026-05-14",
    "avail_to_num": "2026-05-21",
    "points": "100"
  },
  {
    "_id": "A103",
    "title": "Nozzle Design Project",
    "course": "RS101",
    "description": "To be added later",
    "available": "May 14 at 12:00am",
    "due": "May 21 at 11:59pm",
    "avail_from_num": "2026-05-14",
    "due_num": "2026-05-21",
    "avail_to_num": "2026-05-28",
    "points": "100"
  },


  {
    "_id": "A201",
    "title": "Aerodynamics Quiz",
    "course": "RS102",
    "description": "To be added later",
    "available": "April 1 at 12:00am",
    "due": "April 7 at 11:59pm",
    "avail_from_num": "2026-04-01",
    "due_num": "2026-04-07",
    "avail_to_num": "2026-04-14",
    "points": "100"
  },
  {
    "_id": "A202",
    "title": "Flow Analysis",
    "course": "RS102",
    "description": "To be added later",
    "available": "April 7 at 12:00am",
    "due": "April 14 at 11:59pm",
    "avail_from_num": "2026-04-07",
    "due_num": "2026-04-14",
    "avail_to_num": "2026-04-21",
    "points": "100"
  },
  {
    "_id": "A203",
    "title": "Heating Analysis",
    "course": "RS102",
    "description": "To be added later",
    "available": "April 14 at 12:00am",
    "due": "April 21 at 11:59pm",
    "avail_from_num": "2026-04-14",
    "due_num": "2026-04-21",
    "avail_to_num": "2026-04-28",
    "points": "100"
  },


  {
    "_id": "A301",
    "title": "Structural Design Task",
    "course": "RS103",
    "description": "To be added later",
    "available": "June 1 at 12:00am",
    "due": "June 7 at 11:59pm",
    "avail_from_num": "2026-06-01",
    "due_num": "2026-06-07",
    "avail_to_num": "2026-06-14",
    "points": "100"
  },
  {
    "_id": "A302",
    "title": "Orbital Calculations",
    "course": "RS103",
    "description": "To be added later",
    "available": "June 7 at 12:00am",
    "due": "June 14 at 11:59pm",
    "avail_from_num": "2026-06-07",
    "due_num": "2026-06-14",
    "avail_to_num": "2026-04-21",
    "points": "100"
  },
  {
    "_id": "A303",
    "title": "Systems Engineering Exam",
    "course": "RS103",
    "description": "To be added later",
    "available": "June 14 at 12:00am",
    "due": "June 21 at 11:59pm",
    "avail_from_num": "2026-06-14",
    "due_num": "2026-06-21",
    "avail_to_num": "2026-04-28",
    "points": "100"
  },


  {
    "_id": "A401",
    "title": "Functional Groups Identification",
    "course": "RS104",
    "description": "To be added later",
    "available": "July 1 at 12:00am",
    "due": "July 7 at 11:59pm",
    "avail_from_num": "2026-07-01",
    "due_num": "2026-07-07",
    "avail_to_num": "2026-07-14",
    "points": "100"
  },
  {
    "_id": "A402",
    "title": "Reaction Mechanisms Practice",
    "course": "RS104",
    "description": "To be added later",
    "available": "July 7 at 12:00am",
    "due": "July 14 at 11:59pm",
    "avail_from_num": "2026-07-07",
    "due_num": "2026-07-14",
    "avail_to_num": "2026-07-21",
    "points": "100"
  },
  {
    "_id": "A403",
    "title": "Spectroscopy Analysis Lab",
    "course": "RS104",
    "description": "To be added later",
    "available": "July 14 at 12:00am",
    "due": "July 21 at 11:59pm",
    "avail_from_num": "2026-07-14",
    "due_num": "2026-07-21",
    "avail_to_num": "2026-07-28",
    "points": "100"
  },


  {
    "_id": "A501",
    "title": "Coordination Complex Report",
    "course": "RS105",
    "description": "To be added later",
    "available": "March 1 at 12:00am",
    "due": "March 7 at 11:59pm",
    "avail_from_num": "2026-03-01",
    "due_num": "2026-03-07",
    "avail_to_num": "2026-03-14",
    "points": "100"
  },
  {
    "_id": "A502",
    "title": "Transition Metal Reactivity",
    "course": "RS105",
    "description": "To be added later",
    "available": "March 7 at 12:00am",
    "due": "March 14 at 11:59pm",
    "avail_from_num": "2026-03-07",
    "due_num": "2026-03-14",
    "avail_to_num": "2026-03-21",
    "points": "100"
  },
  {
    "_id": "A503",
    "title": "Crystal Field Theory Worksheet",
    "course": "RS105",
    "description": "To be added later",
    "available": "March 14 at 12:00am",
    "due": "March 21 at 11:59pm",
    "avail_from_num": "2026-03-14",
    "due_num": "2026-03-21",
    "avail_to_num": "2026-03-28",
    "points": "100"
  },


  {
    "_id": "A601",
    "title": "Thermodynamics Problem Set",
    "course": "RS106",
    "description": "To be added later",
    "available": "November 1 at 12:00am",
    "due": "November 7 at 11:59pm",
    "avail_from_num": "2026-11-01",
    "due_num": "2026-11-07",
    "avail_to_num": "2026-11-14",
    "points": "100"
  },
  {
    "_id": "A602",
    "title": "Quantum Chemistry Exercises",
    "course": "RS106",
    "description": "To be added later",
    "available": "November 7 at 12:00am",
    "due": "November 14 at 11:59pm",
    "avail_from_num": "2026-11-07",
    "due_num": "2026-11-14",
    "avail_to_num": "2026-11-21",
    "points": "100"
  },
  {
    "_id": "A603",
    "title": "Chemical Kinetics Lab",
    "course": "RS106",
    "description": "To be added later",
    "available": "November 14 at 12:00am",
    "due": "November 21 at 11:59pm",
    "avail_from_num": "2026-11-14",
    "due_num": "2026-11-21",
    "avail_to_num": "2026-11-28",
    "points": "100"
  },


  {
    "_id": "A701",
    "title": "Latin Translation Exercise",
    "course": "RS107",
    "description": "To be added later",
    "available": "February 1 at 12:00am",
    "due": "February 7 at 11:59pm",
    "avail_from_num": "2026-02-01",
    "due_num": "2026-02-07",
    "avail_to_num": "2026-02-14",
    "points": "100"
  },
  {
    "_id": "A702",
    "title": "Greek Myth Text Analysis",
    "course": "RS107",
    "description": "To be added later",
    "available": "February 7 at 12:00am",
    "due": "February 14 at 11:59pm",
    "avail_from_num": "2026-02-07",
    "due_num": "2026-02-14",
    "avail_to_num": "2026-02-21",
    "points": "100"
  },
  {
    "_id": "A703",
    "title": "Ancient Script Deciphering",
    "course": "RS107",
    "description": "To be added later",
    "available": "February 14 at 12:00am",
    "due": "February 21 at 11:59pm",
    "avail_from_num": "2026-02-14",
    "due_num": "2026-02-21",
    "avail_to_num": "2026-02-28",
    "points": "100"
  },


  {
    "_id": "A801",
    "title": "Elven-Mortal Treaty Analysis",
    "course": "RS108",
    "description": "To be added later",
    "available": "Spooktober 1 at 12:00am",
    "due": "Spooktober 7 at 11:59pm",
    "avail_from_num": "2026-10-01",
    "due_num": "2026-10-07",
    "avail_to_num": "2026-10-14",
    "points": "100"
  },
  {
    "_id": "A802",
    "title": "Dwarven Trade Negotiation Report",
    "course": "RS108",
    "description": "To be added later",
    "available": "Spooktober 7 at 12:00am",
    "due": "Spooktober 14 at 11:59pm",
    "avail_from_num": "2026-10-07",
    "due_num": "2026-10-14",
    "avail_to_num": "2026-10-21",
    "points": "100"
  },
  {
    "_id": "A803",
    "title": "Middle-Earth Diplomacy Case Study",
    "course": "RS108",
    "description": "To be added later",
    "available": "Spooktober 14 at 12:00am",
    "due": "Spooktober 21 at 11:59pm",
    "avail_from_num": "2026-10-14",
    "due_num": "2026-10-21",
    "avail_to_num": "2026-10-28",
    "points": "100"
  }
]
