[
  {
    "_id": "M101",
    "name": "Introduction to Rocket Propulsion",
    "description": "Basic principles of rocket propulsion and rocket engines.",
    "course": "RS101",
    "lessons": [
      {
        "_id": "L101",
        "name": "History of Rocketry",
        "description": "A brief history of rocketry and space exploration.",
        "module": "M101"
      },
      {
        "_id": "L102",
        "name": "Rocket Propulsion Fundamentals",
        "description": "Basic principles of rocket propulsion.",
        "module": "M101"
      },
      {
        "_id": "L103",
        "name": "Rocket Engine Types",
        "description": "Overview of different types of rocket engines.",
        "module": "M101"
      }
    ]
  },
  {
    "_id": "M102",
    "name": "Fuel and Combustion",
    "description": "Understanding rocket fuel, combustion processes, and efficiency.",
    "course": "RS101",
    "lessons": [
      {
        "_id": "L201",
        "name": "Rocket Fuel",
        "description": "Overview of different types of rocket fuels.",
        "module": "M102"
      },
      {
        "_id": "L202",
        "name": "Combustion Processes",
        "description": "Understanding combustion processes and efficiency.",
        "module": "M102"
      },
      {
        "_id": "L203",
        "name": "Combustion Instability",
        "description": "Understanding combustion instability and mitigation.",
        "module": "M102"
      }
    ]
  },
  {
    "_id": "M103",
    "name": "Nozzle Design",
    "description": "Principles of rocket nozzle design and performance optimization.",
    "course": "RS101",
    "lessons": [
      {
        "_id": "L301",
        "name": "Nozzle Design",
        "description": "Overview of different types of rocket nozzles.",
        "module": "M103"
      },
      {
        "_id": "L302",
        "name": "Nozzle Performance",
        "description": "Understanding nozzle performance and efficiency.",
        "module": "M103"
      },
      {
        "_id": "L303",
        "name": "Nozzle Optimization",
        "description": "Optimizing nozzle design for specific applications.",
        "module": "M103"
      }
    ]
  },
  {
    "_id": "M201",
    "name": "Fundamentals of Aerodynamics",
    "description": "Basic aerodynamic concepts and fluid dynamics principles.",
    "course": "RS102"
  },
  {
    "_id": "M202",
    "name": "Subsonic and Supersonic Flow",
    "description": "Understanding subsonic and supersonic aerodynamic behaviors.",
    "course": "RS102"
  },
  {
    "_id": "M203",
    "name": "Aerodynamic Heating",
    "description": "Study of aerodynamic heating and thermal protection systems.",
    "course": "RS102"
  },
  {
    "_id": "M301",
    "name": "Spacecraft Structural Design",
    "description": "Fundamentals of designing spacecraft structures and materials selection.",
    "course": "RS103"
  },
  {
    "_id": "M302",
    "name": "Orbital Mechanics",
    "description": "Understanding orbital dynamics and mission planning.",
    "course": "RS103"
  },
  {
    "_id": "M303",
    "name": "Spacecraft Systems Engineering",
    "description": "Overview of spacecraft systems and subsystems engineering.",
    "course": "RS103"
  },

  {
    "_id": "M401",
    "name": "Intro to Orgo",
    "description": "Covers the basic principles of organic chemistry, including bonding, molecular structure, and functional groups.",
    "course": "RS104"
  },
  {
    "_id": "M402",
    "name": "Reaction Mechanisms and Stereochemistry",
    "description": "Explores the mechanisms of organic reactions, stereochemistry, and how molecular orientation influences reactivity and outcomes.",
    "course": "RS104"
  },
  {
    "_id": "M403",
    "name": "Aromatic Compounds",
    "description": "Focuses on aromaticity and electrophilic substitution reactions.",
    "course": "RS104"
  },

  {
    "_id": "M501",
    "name": "Basics of Inorganic Chemistry",
    "description": "Covers atomic structure, bonding, and periodic trends.",
    "course": "RS105"
  },
  {
    "_id": "M502",
    "name": "Coordination Compounds",
    "description": "Focuses on metal complexes and bonding theories.",
    "course": "RS105"
  },
  {
    "_id": "M503",
    "name": "Transition Metal Chemistry",
    "description": "Examines transition metals and their reactions.",
    "course": "RS105"
  },

  {
    "_id": "M601",
    "name": "Thermodynamics",
    "description": "Introduces energy, work, and the laws of thermodynamics.",
    "course": "RS106"
  },
  {
    "_id": "M602",
    "name": "Quantum Chemistry",
    "description": "Covers wave functions and atomic structure basics.",
    "course": "RS106"
  },
  {
    "_id": "M603",
    "name": "Chemical Kinetics",
    "description": "Explores reaction rates and molecular dynamics.",
    "course": "RS106"
  },

  {
    "_id": "M701",
    "name": "Introduction to Ancient Languages",
    "description": "Covers basics of ancient scripts and grammar.",
    "course": "RS107"
  },
  {
    "_id": "M702",
    "name": "Classical Texts",
    "description": "Studies selected texts in Latin and Greek.",
    "course": "RS107"
  },
  {
    "_id": "M703",
    "name": "Language Evolution",
    "description": "Explores how ancient languages influenced modern ones.",
    "course": "RS107"
  },

  {
    "_id": "M801",
    "name": "Elves and Men Relations",
    "description": "Explores historical alliances and conflicts between Elves and Men.",
    "course": "RS108"
  },
  {
    "_id": "M802",
    "name": "Dwarves and other Races",
    "description": "Covers the politics and trade between Dwarves, Men, and Elves.",
    "course": "RS108"
  },
  {
    "_id": "M803",
    "name": "Negotiation in Middle-Earth",
    "description": "Studies diplomacy tactics among Orcs, Hobbits, and other species.",
    "course": "RS108"
  }


]